{
  "models": {
    "Linear Regression": {
      "train": {
        "mae": 3704326.246215585,
        "rmse": 5357231.5458181985,
        "r2": 0.39666222325986955,
        "mape": 34.91162930050013
      },
      "val": {
        "mae": 3844242.7705125795,
        "rmse": 5554736.6100621335,
        "r2": 0.34757240605424644,
        "mape": 36.82437222547229
      },
      "test": {
        "mae": 3693086.972216949,
        "rmse": 5316155.587440827,
        "r2": 0.3872312689454762,
        "mape": 34.96988721686027
      }
    },
    "Random Forest": {
      "train": {
        "mae": 1395263.2232962972,
        "rmse": 2317403.9983117743,
        "r2": 0.8871027957068243,
        "mape": 11.431979533766846
      },
      "val": {
        "mae": 2140646.2621120177,
        "rmse": 3665481.491736833,
        "r2": 0.7159024808412315,
        "mape": 17.320807359081023
      },
      "test": {
        "mae": 2034531.5668647508,
        "rmse": 3457396.4716315605,
        "r2": 0.7408211260431738,
        "mape": 16.319058731821862
      }
    },
    "Gradient Boosting": {
      "train": {
        "mae": 2040244.7809618935,
        "rmse": 3183064.7732273145,
        "r2": 0.7870043979189736,
        "mape": 17.39740900952526
      },
      "val": {
        "mae": 2385038.663636658,
        "rmse": 3869861.133686409,
        "r2": 0.6833378606321059,
        "mape": 20.010966453482276
      },
      "test": {
        "mae": 2249389.03866559,
        "rmse": 3629454.267387312,
        "r2": 0.7143831094708117,
        "mape": 18.719231279287712
      }
    },
    "XGBoost": {
      "train": {
        "mae": 1885514.769931135,
        "rmse": 2951462.8315789397,
        "r2": 0.816872182112216,
        "mape": 16.067735385899326
      },
      "val": {
        "mae": 2308598.486484399,
        "rmse": 3804573.3937526527,
        "r2": 0.6939324322157481,
        "mape": 19.20199122442282
      },
      "test": {
        "mae": 2174779.6294029043,
        "rmse": 3563171.153320541,
        "r2": 0.7247200395184181,
        "mape": 17.912216449594805
      }
    },
    "LightGBM": {
      "train": {
        "mae": 2017797.3456735187,
        "rmse": 3188167.3497572304,
        "r2": 0.7863209701221232,
        "mape": 16.963707614204452
      },
      "val": {
        "mae": 2346898.7172062215,
        "rmse": 3844891.5041150344,
        "r2": 0.6874110957985116,
        "mape": 19.569683120807202
      },
      "test": {
        "mae": 2191386.9080685675,
        "rmse": 3588138.1487617716,
        "r2": 0.7208487729783248,
        "mape": 18.14259626696276
      }
    },
    "CatBoost": {
      "train": {
        "mae": 1840345.0981727513,
        "rmse": 2880057.569188738,
        "r2": 0.8256258829901706,
        "mape": 15.723938061873946
      },
      "val": {
        "mae": 2268365.540521894,
        "rmse": 3741316.794082644,
        "r2": 0.7040254654463528,
        "mape": 18.838433742319214
      },
      "test": {
        "mae": 2129046.5722982404,
        "rmse": 3515595.538205425,
        "r2": 0.7320220632578501,
        "mape": 17.51607323222311
      }
    },
    "SVR": {
      "train": {
        "mae": 4583506.40838432,
        "rmse": 7080013.017912957,
        "r2": -0.05377476951607707,
        "mape": 40.20623796069414
      },
      "val": {
        "mae": 4568777.548238844,
        "rmse": 7031366.978374943,
        "r2": -0.0454058102813204,
        "mape": 41.340386566364906
      },
      "test": {
        "mae": 4557242.243756485,
        "rmse": 6974275.121600635,
        "r2": -0.05462820194340101,
        "mape": 40.20551659804889
      }
    }
  },
  "best_model": {
    "name": "Random Forest",
    "test_r2": 0.7408211260431738,
    "test_mae": 2034531.5668647508
  },
  "dataset_info": {
    "total_samples": 32363,
    "train_samples": 22653,
    "val_samples": 3237,
    "test_samples": 6473,
    "features": [
      "total_area",
      "rooms",
      "floor",
      "total_floors",
      "subway_dist",
      "year"
    ]
  }
}